name,email,message
AAA,aaa@example.com,This is sample text A .
BBB,bbb@example.com,This is sample text b
BBB,bbb@example.com,This is sample text b
AAA,aaa@example.com,This is sample test A.
BBB,bbb@example.com,This is sample text B.
BBB,bbb@example.com,This is sample text B.
AAA,aaa@example.com,This is sample a
name,name@example.com,This is a worry
name,name@example.com,This is a worry
aaa,aaa@example.com,aaaaaaa
vvv,bbb@example.com,monkey
vvv,bbb@example.com,monkey
aaa,aaa@example.com,aaa
aaa,aaa@example.com,aaa
bbb,bbb@example.com,bbb
bbb,bbb@example.com,bbb
aaa,aaa@example.com,aaaa
bbb,bbb@example.com,bbb
bbb,bbb@example.com,bbb
aaa,aaa@example.com,aaa
bbbb,bbb@example.com,bbbbb
bbbb,bbb@example.com,bbbbb
AAA,aaa@example.com,aaa
BBB,bbb@example.com,bbb
BBB,bbb@example.com,bbb
CCC,ccc@example.com,ccc
CCC,ccc@example.com,ccc
ddd,ddd@example.com,dddd
